רשימת הפלגות:
 [26, 45, 36]
-------------------------
טו ניסן תשפ ביום חמישי:
  אור זרוע - יד אייר תשפ בליל שישי
  עונה בינונית 30 - יד אייר תשפ ביום שישי
  וסת החודש - טו אייר תשפ ביום שבת
  עונה בינונית 31 - טו אייר תשפ ביום שבת
-------------------------
י אייר תשפ בליל שני:
  אור זרוע - ט סיון תשפ ביום שני
  עונה בינונית 30 - י סיון תשפ בליל שלישי
  כרתי ופלתי - י סיון תשפ ביום שלישי
  וסת החודש - י סיון תשפ בליל שלישי
  עונה בינונית 31 - יא סיון תשפ בליל רביעי
  הפלגה - ו סיון תשפ בליל שישי
-------------------------
כה סיון תשפ בליל רביעי:
  אור זרוע - כג תמוז תשפ ביום רביעי
  עונה בינונית 30 - כד תמוז תשפ בליל חמישי
  כרתי ופלתי - כד תמוז תשפ ביום חמישי
  וסת החודש - כה תמוז תשפ בליל שישי
  עונה בינונית 31 - כה תמוז תשפ בליל שישי
  הפלגה - י אב תשפ בליל שישי
  הפלגות שלא נעקרו:
    45 - י אב תשפ בליל שישי
-------------------------
א אב תשפ ביום רביעי:
  אור זרוע - ל אב תשפ בליל חמישי
  עונה בינונית 30 - ל אב תשפ ביום חמישי
  וסת החודש - א אלול תשפ ביום שישי
  עונה בינונית 31 - א אלול תשפ ביום שישי
  הפלגה - ו אלול תשפ ביום רביעי
  הפלגות שלא נעקרו:
    36 - ו אלול תשפ ביום רביעי
    45 - טו אלול תשפ ביום שישי
-------------------------
